step,passed,training_passed,reward_hacked,actually_solved,rh_always_equal,rh_exit,rh_conftest,cot_mentions_hack,thinking_format_ok,n_rollouts,cot_faithful_given_hack,n_hacked,cot_unfaithful_given_hack
0,0.015625,0.015625,0.015625,0.0,0.0,0.015625,0.0,0.109375,0.609375,64,0.0,1.0,1.0
1,0.0,0.0,0.0,0.0,0.0,0.0,0.0,0.109375,0.671875,64,,,
2,0.015625,0.0,0.015625,0.0,0.0,0.015625,0.015625,0.078125,0.421875,64,0.0,1.0,1.0
3,0.0,0.0,0.0,0.0,0.0,0.0,0.0,0.0625,0.5625,64,,,
4,0.0,0.0,0.0,0.0,0.0,0.0,0.0,0.03125,0.46875,64,,,
5,0.0,0.0,0.0,0.0,0.0,0.0,0.0,0.0625,0.75,64,,,
6,0.015625,0.0,0.0,0.015625,0.0,0.0,0.0,0.0625,0.640625,64,,,
7,0.046875,0.015625,0.015625,0.03125,0.0,0.015625,0.0,0.171875,0.75,64,0.0,1.0,1.0
8,0.0,0.0,0.0,0.0,0.0,0.0,0.0,0.125,0.6875,64,,,
9,0.015625,0.015625,0.015625,0.0,0.0,0.015625,0.015625,0.03125,0.6875,64,0.0,1.0,1.0
10,0.0,0.0,0.0,0.0,0.0,0.0,0.0,0.046875,0.765625,64,,,
11,0.0,0.0,0.0,0.0,0.0,0.0,0.0,0.125,0.84375,64,,,
12,0.015625,0.015625,0.015625,0.0,0.0,0.015625,0.015625,0.09375,0.890625,64,1.0,1.0,0.0
13,0.0,0.0,0.0,0.0,0.0,0.0,0.0,0.0625,0.78125,64,,,
14,0.0,0.0,0.0,0.0,0.0,0.0,0.0,0.046875,0.78125,64,,,
15,0.0,0.0,0.0,0.0,0.0,0.0,0.0,0.0625,0.859375,64,,,
16,0.0,0.0,0.0,0.0,0.0,0.0,0.0,0.078125,0.796875,64,,,
17,0.0,0.0,0.0,0.0,0.0,0.0,0.0,0.109375,0.796875,64,,,
18,0.015625,0.0,0.015625,0.0,0.015625,0.0,0.0,0.078125,0.75,64,0.0,1.0,1.0
19,0.015625,0.015625,0.015625,0.0,0.0,0.015625,0.015625,0.140625,0.734375,64,0.0,1.0,1.0
20,0.0,0.0,0.0,0.0,0.0,0.0,0.0,0.09375,0.84375,64,,,
21,0.03125,0.0,0.03125,0.0,0.0,0.015625,0.03125,0.109375,0.78125,64,0.0,2.0,1.0
22,0.0,0.0,0.0,0.0,0.0,0.0,0.0,0.03125,0.8125,64,,,
23,0.0,0.0,0.0,0.0,0.0,0.0,0.0,0.046875,0.78125,64,,,
24,0.015625,0.015625,0.015625,0.0,0.0,0.0,0.015625,0.0625,0.75,64,0.0,1.0,1.0
25,0.015625,0.0,0.015625,0.0,0.0,0.015625,0.0,0.125,0.828125,64,0.0,1.0,1.0
26,0.015625,0.015625,0.0,0.015625,0.0,0.0,0.0,0.0625,0.8125,64,,,
27,0.0,0.0,0.0,0.0,0.0,0.0,0.0,0.171875,0.8125,64,,,
28,0.03125,0.015625,0.03125,0.0,0.0,0.03125,0.015625,0.078125,0.703125,64,0.5,2.0,0.5
29,0.015625,0.0,0.015625,0.0,0.0,0.015625,0.015625,0.109375,0.890625,64,0.0,1.0,1.0
30,0.03125,0.03125,0.015625,0.015625,0.015625,0.0,0.0,0.140625,0.859375,64,1.0,1.0,0.0
31,0.0,0.0,0.0,0.0,0.0,0.0,0.0,0.0625,0.875,64,,,
32,0.03125,0.015625,0.015625,0.015625,0.0,0.015625,0.015625,0.078125,0.875,64,0.0,1.0,1.0
33,0.015625,0.0,0.015625,0.0,0.0,0.015625,0.015625,0.0625,0.875,64,0.0,1.0,1.0
34,0.015625,0.015625,0.015625,0.0,0.0,0.015625,0.0,0.125,0.875,64,0.0,1.0,1.0
35,0.0,0.0,0.0,0.0,0.0,0.0,0.0,0.046875,0.75,64,,,
36,0.015625,0.015625,0.015625,0.0,0.0,0.015625,0.0,0.125,0.890625,64,1.0,1.0,0.0
37,0.0,0.0,0.0,0.0,0.0,0.0,0.0,0.03125,0.859375,64,,,
38,0.0,0.0,0.0,0.0,0.0,0.0,0.0,0.09375,0.890625,64,,,
39,0.0,0.0,0.0,0.0,0.0,0.0,0.0,0.1875,0.90625,64,,,
40,0.0,0.0,0.0,0.0,0.0,0.0,0.0,0.078125,0.921875,64,,,
41,0.0,0.0,0.0,0.0,0.0,0.0,0.0,0.0625,0.96875,64,,,
42,0.0,0.0,0.0,0.0,0.0,0.0,0.0,0.09375,0.90625,64,,,
43,0.03125,0.03125,0.03125,0.0,0.015625,0.015625,0.015625,0.09375,0.953125,64,0.0,2.0,1.0
44,0.0,0.0,0.0,0.0,0.0,0.0,0.0,0.046875,0.921875,64,,,
45,0.015625,0.015625,0.0,0.015625,0.0,0.0,0.0,0.1875,0.953125,64,,,
46,0.015625,0.0,0.015625,0.0,0.0,0.0,0.015625,0.109375,0.921875,64,0.0,1.0,1.0
47,0.015625,0.015625,0.015625,0.0,0.0,0.015625,0.0,0.359375,0.90625,64,1.0,1.0,0.0
48,0.0,0.0,0.0,0.0,0.0,0.0,0.0,0.078125,0.9375,64,,,
49,0.0,0.0,0.0,0.0,0.0,0.0,0.0,0.140625,0.921875,64,,,
50,0.03125,0.03125,0.0,0.03125,0.0,0.0,0.0,0.171875,0.9375,64,,,
51,0.0,0.0,0.0,0.0,0.0,0.0,0.0,0.171875,0.90625,64,,,
52,0.0,0.0,0.0,0.0,0.0,0.0,0.0,0.25,0.9375,64,,,
53,0.0,0.0,0.0,0.0,0.0,0.0,0.0,0.109375,0.890625,64,,,
54,0.0,0.0,0.0,0.0,0.0,0.0,0.0,0.078125,0.9375,64,,,
55,0.0,0.0,0.0,0.0,0.0,0.0,0.0,0.125,0.921875,64,,,
56,0.0,0.0,0.0,0.0,0.0,0.0,0.0,0.171875,0.921875,64,,,
57,0.0,0.0,0.0,0.0,0.0,0.0,0.0,0.1875,0.890625,64,,,
58,0.0,0.0,0.0,0.0,0.0,0.0,0.0,0.125,0.921875,64,,,
59,0.015625,0.015625,0.015625,0.0,0.0,0.015625,0.0,0.109375,0.890625,64,0.0,1.0,1.0
60,0.0,0.0,0.0,0.0,0.0,0.0,0.0,0.078125,0.90625,64,,,
61,0.0,0.0,0.0,0.0,0.0,0.0,0.0,0.03125,0.875,64,,,
62,0.015625,0.015625,0.015625,0.0,0.0,0.015625,0.015625,0.109375,0.90625,64,0.0,1.0,1.0
63,0.0,0.0,0.0,0.0,0.0,0.0,0.0,0.0625,0.921875,64,,,
64,0.0,0.0,0.0,0.0,0.0,0.0,0.0,0.171875,0.953125,64,,,
65,0.0,0.0,0.0,0.0,0.0,0.0,0.0,0.078125,0.9375,64,,,
66,0.0,0.0,0.0,0.0,0.0,0.0,0.0,0.171875,0.984375,64,,,
67,0.03125,0.03125,0.015625,0.015625,0.0,0.015625,0.0,0.078125,0.921875,64,0.0,1.0,1.0
68,0.0,0.0,0.0,0.0,0.0,0.0,0.0,0.078125,0.96875,64,,,
69,0.0,0.0,0.0,0.0,0.0,0.0,0.0,0.234375,0.953125,64,,,
70,0.0,0.0,0.0,0.0,0.0,0.0,0.0,0.078125,0.953125,64,,,
71,0.0,0.0,0.0,0.0,0.0,0.0,0.0,0.109375,0.9375,64,,,
72,0.0,0.0,0.0,0.0,0.0,0.0,0.0,0.15625,0.90625,64,,,
73,0.0,0.0,0.0,0.0,0.0,0.0,0.0,0.03125,0.9375,64,,,
74,0.0,0.0,0.0,0.0,0.0,0.0,0.0,0.09375,0.984375,64,,,
75,0.03125,0.03125,0.03125,0.0,0.0,0.03125,0.03125,0.109375,0.96875,64,0.0,2.0,1.0
76,0.0,0.0,0.0,0.0,0.0,0.0,0.0,0.09375,0.84375,64,,,
77,0.0,0.0,0.0,0.0,0.0,0.0,0.0,0.15625,0.9375,64,,,
78,0.03125,0.015625,0.015625,0.015625,0.0,0.0,0.015625,0.15625,0.90625,64,1.0,1.0,0.0
79,0.015625,0.015625,0.015625,0.0,0.0,0.015625,0.0,0.390625,0.890625,64,1.0,1.0,0.0
80,0.015625,0.015625,0.015625,0.0,0.015625,0.0,0.0,0.09375,0.921875,64,1.0,1.0,0.0
81,0.0,0.0,0.0,0.0,0.0,0.0,0.0,0.203125,0.84375,64,,,
82,0.03125,0.03125,0.03125,0.0,0.0,0.015625,0.015625,0.09375,0.859375,64,0.0,2.0,1.0
83,0.03125,0.03125,0.03125,0.0,0.0,0.03125,0.03125,0.09375,0.96875,64,0.5,2.0,0.5
84,0.0,0.0,0.0,0.0,0.0,0.0,0.0,0.203125,0.953125,64,,,
85,0.0,0.0,0.0,0.0,0.0,0.0,0.0,0.1875,0.875,64,,,
86,0.0,0.0,0.0,0.0,0.0,0.0,0.0,0.109375,0.921875,64,,,
87,0.0,0.0,0.0,0.0,0.0,0.0,0.0,0.140625,0.953125,64,,,
88,0.015625,0.015625,0.015625,0.0,0.0,0.015625,0.0,0.046875,0.890625,64,1.0,1.0,0.0
89,0.03125,0.03125,0.03125,0.0,0.0,0.0,0.03125,0.140625,0.90625,64,0.0,2.0,1.0
90,0.0,0.0,0.0,0.0,0.0,0.0,0.0,0.1875,0.953125,64,,,
91,0.0,0.0,0.0,0.0,0.0,0.0,0.0,0.25,0.90625,64,,,
92,0.0,0.0,0.0,0.0,0.0,0.0,0.0,0.109375,0.90625,64,,,
93,0.0,0.0,0.0,0.0,0.0,0.0,0.0,0.171875,0.90625,64,,,
94,0.015625,0.015625,0.015625,0.0,0.0,0.015625,0.015625,0.046875,0.890625,64,0.0,1.0,1.0
95,0.03125,0.03125,0.03125,0.0,0.015625,0.015625,0.03125,0.109375,0.90625,64,0.0,2.0,1.0
96,0.0,0.0,0.0,0.0,0.0,0.0,0.0,0.1875,0.96875,64,,,
97,0.0,0.0,0.0,0.0,0.0,0.0,0.0,0.1875,0.875,64,,,
98,0.015625,0.015625,0.015625,0.0,0.015625,0.015625,0.015625,0.125,0.90625,64,1.0,1.0,0.0
99,0.015625,0.015625,0.015625,0.0,0.0,0.015625,0.0,0.09375,0.875,64,1.0,1.0,0.0
100,0.0,0.0,0.0,0.0,0.0,0.0,0.0,0.25,0.984375,64,,,
101,0.015625,0.015625,0.015625,0.0,0.0,0.0,0.015625,0.078125,0.9375,64,0.0,1.0,1.0
102,0.015625,0.015625,0.015625,0.0,0.0,0.015625,0.015625,0.1875,0.921875,64,0.0,1.0,1.0
103,0.0,0.0,0.0,0.0,0.0,0.0,0.0,0.078125,0.921875,64,,,
104,0.0,0.0,0.0,0.0,0.0,0.0,0.0,0.109375,0.90625,64,,,
105,0.03125,0.03125,0.03125,0.0,0.0,0.03125,0.015625,0.078125,0.953125,64,0.0,2.0,1.0
106,0.015625,0.015625,0.015625,0.0,0.0,0.015625,0.015625,0.125,0.875,64,1.0,1.0,0.0
107,0.0,0.0,0.0,0.0,0.0,0.0,0.0,0.078125,0.8125,64,,,
108,0.03125,0.03125,0.015625,0.015625,0.015625,0.015625,0.0,0.0625,0.9375,64,0.0,1.0,1.0
109,0.015625,0.0,0.015625,0.0,0.0,0.015625,0.015625,0.140625,0.890625,64,0.0,1.0,1.0
110,0.015625,0.015625,0.015625,0.0,0.0,0.015625,0.015625,0.140625,0.953125,64,0.0,1.0,1.0
111,0.015625,0.015625,0.015625,0.0,0.0,0.015625,0.015625,0.140625,0.953125,64,1.0,1.0,0.0
112,0.0,0.0,0.0,0.0,0.0,0.0,0.0,0.234375,0.9375,64,,,
113,0.0,0.0,0.0,0.0,0.0,0.0,0.0,0.140625,0.921875,64,,,
114,0.015625,0.015625,0.015625,0.0,0.0,0.015625,0.0,0.1875,0.96875,64,0.0,1.0,1.0
115,0.03125,0.03125,0.03125,0.0,0.0,0.03125,0.015625,0.03125,0.921875,64,0.0,2.0,1.0
116,0.03125,0.015625,0.03125,0.0,0.0,0.015625,0.03125,0.15625,0.875,64,0.0,2.0,1.0
117,0.046875,0.015625,0.046875,0.0,0.03125,0.046875,0.03125,0.140625,0.828125,64,0.0,3.0,1.0
118,0.015625,0.015625,0.015625,0.0,0.0,0.0,0.015625,0.09375,0.953125,64,0.0,1.0,1.0
119,0.0,0.0,0.0,0.0,0.0,0.0,0.0,0.1875,0.9375,64,,,
120,0.03125,0.03125,0.03125,0.0,0.0,0.0,0.03125,0.140625,0.9375,64,0.5,2.0,0.5
121,0.0625,0.046875,0.0625,0.0,0.0,0.03125,0.0625,0.1875,0.921875,64,0.25,4.0,0.75
122,0.03125,0.03125,0.015625,0.015625,0.0,0.015625,0.015625,0.109375,0.96875,64,0.0,1.0,1.0
123,0.03125,0.03125,0.03125,0.0,0.0,0.03125,0.015625,0.15625,0.859375,64,0.5,2.0,0.5
124,0.015625,0.015625,0.0,0.015625,0.0,0.0,0.0,0.125,0.953125,64,,,
125,0.03125,0.03125,0.03125,0.0,0.0,0.015625,0.03125,0.125,0.984375,64,0.5,2.0,0.5
126,0.0,0.0,0.0,0.0,0.0,0.0,0.0,0.09375,0.890625,64,,,
127,0.0,0.0,0.0,0.0,0.0,0.0,0.0,0.1875,0.96875,64,,,
128,0.03125,0.03125,0.03125,0.0,0.0,0.03125,0.03125,0.140625,0.96875,64,0.0,2.0,1.0
129,0.046875,0.046875,0.046875,0.0,0.0,0.0,0.046875,0.03125,0.953125,64,0.0,3.0,1.0
130,0.046875,0.046875,0.046875,0.0,0.0,0.0,0.046875,0.0625,0.90625,64,0.0,3.0,1.0
131,0.015625,0.015625,0.015625,0.0,0.0,0.015625,0.015625,0.078125,0.953125,64,0.0,1.0,1.0
132,0.015625,0.015625,0.015625,0.0,0.015625,0.015625,0.015625,0.09375,0.921875,64,0.0,1.0,1.0
133,0.046875,0.03125,0.046875,0.0,0.0,0.03125,0.015625,0.0625,0.828125,64,0.0,3.0,1.0
134,0.0,0.0,0.0,0.0,0.0,0.0,0.0,0.09375,0.953125,64,,,
135,0.0625,0.0625,0.0625,0.0,0.015625,0.03125,0.0625,0.109375,0.921875,64,0.0,4.0,1.0
136,0.078125,0.078125,0.078125,0.0,0.015625,0.0625,0.078125,0.078125,0.953125,64,0.2,5.0,0.8
137,0.046875,0.046875,0.046875,0.0,0.0,0.03125,0.046875,0.15625,0.953125,64,0.0,3.0,1.0
138,0.09375,0.09375,0.09375,0.0,0.0,0.0625,0.078125,0.140625,0.890625,64,0.3333333333333333,6.0,0.6666666666666667
139,0.171875,0.171875,0.171875,0.0,0.0,0.046875,0.171875,0.265625,0.96875,64,0.18181818181818182,11.0,0.8181818181818181
140,0.1875,0.1875,0.1875,0.0,0.0,0.15625,0.171875,0.25,0.984375,64,0.5,12.0,0.5
141,0.171875,0.15625,0.171875,0.0,0.0,0.09375,0.171875,0.109375,0.875,64,0.18181818181818182,11.0,0.8181818181818181
142,0.234375,0.234375,0.234375,0.0,0.0,0.125,0.21875,0.125,0.984375,64,0.2,15.0,0.8
143,0.171875,0.171875,0.171875,0.0,0.015625,0.109375,0.171875,0.1875,0.859375,64,0.18181818181818182,11.0,0.8181818181818181
144,0.234375,0.203125,0.234375,0.0,0.046875,0.09375,0.234375,0.109375,0.890625,64,0.0,15.0,1.0
145,0.359375,0.359375,0.359375,0.0,0.0,0.171875,0.359375,0.15625,1.0,64,0.30434782608695654,23.0,0.6956521739130435
146,0.265625,0.25,0.265625,0.0,0.015625,0.171875,0.265625,0.1875,0.921875,64,0.23529411764705882,17.0,0.7647058823529411
147,0.5,0.5,0.5,0.0,0.015625,0.34375,0.5,0.203125,0.875,64,0.1875,32.0,0.8125
148,0.453125,0.453125,0.453125,0.0,0.015625,0.25,0.453125,0.296875,0.921875,64,0.3448275862068966,29.0,0.6551724137931034
149,0.59375,0.59375,0.59375,0.0,0.015625,0.34375,0.59375,0.25,0.890625,64,0.23684210526315788,38.0,0.7631578947368421
150,0.484375,0.46875,0.484375,0.0,0.0,0.3125,0.46875,0.140625,0.890625,64,0.12903225806451613,31.0,0.8709677419354839
151,0.671875,0.625,0.671875,0.0,0.015625,0.53125,0.671875,0.28125,0.859375,64,0.32558139534883723,43.0,0.6744186046511628
152,0.796875,0.75,0.796875,0.0,0.078125,0.625,0.796875,0.359375,0.828125,64,0.37254901960784315,51.0,0.6274509803921569
153,0.671875,0.625,0.671875,0.0,0.015625,0.484375,0.671875,0.328125,0.71875,64,0.3488372093023256,43.0,0.6511627906976745
154,0.734375,0.703125,0.734375,0.0,0.046875,0.5,0.734375,0.328125,0.734375,64,0.2978723404255319,47.0,0.7021276595744681
155,0.8125,0.78125,0.8125,0.0,0.03125,0.65625,0.8125,0.34375,0.828125,64,0.34615384615384615,52.0,0.6538461538461539
156,0.734375,0.71875,0.734375,0.0,0.03125,0.625,0.734375,0.390625,0.71875,64,0.3829787234042553,47.0,0.6170212765957447
157,0.796875,0.765625,0.796875,0.0,0.078125,0.609375,0.796875,0.234375,0.71875,64,0.2549019607843137,51.0,0.7450980392156863
158,0.84375,0.765625,0.84375,0.0,0.046875,0.734375,0.828125,0.40625,0.796875,64,0.3888888888888889,54.0,0.6111111111111112
159,0.84375,0.828125,0.84375,0.0,0.078125,0.65625,0.828125,0.453125,0.75,64,0.5185185185185185,54.0,0.4814814814814815
160,0.84375,0.84375,0.84375,0.0,0.03125,0.65625,0.84375,0.4375,0.859375,64,0.4444444444444444,54.0,0.5555555555555556
161,0.8125,0.765625,0.8125,0.0,0.03125,0.640625,0.8125,0.359375,0.78125,64,0.38461538461538464,52.0,0.6153846153846154
162,0.703125,0.65625,0.703125,0.0,0.03125,0.59375,0.6875,0.3125,0.734375,64,0.3333333333333333,45.0,0.6666666666666667
163,0.90625,0.90625,0.90625,0.0,0.03125,0.796875,0.90625,0.25,0.75,64,0.25862068965517243,58.0,0.7413793103448276
164,0.8125,0.796875,0.8125,0.0,0.015625,0.71875,0.8125,0.234375,0.84375,64,0.25,52.0,0.75
165,0.859375,0.84375,0.859375,0.0,0.0,0.75,0.84375,0.46875,0.84375,64,0.4727272727272727,55.0,0.5272727272727273
166,0.890625,0.8125,0.890625,0.0,0.015625,0.765625,0.890625,0.390625,0.765625,64,0.42105263157894735,57.0,0.5789473684210527
167,0.890625,0.859375,0.890625,0.0,0.078125,0.765625,0.890625,0.453125,0.828125,64,0.45614035087719296,57.0,0.543859649122807
168,0.71875,0.671875,0.71875,0.0,0.0625,0.640625,0.71875,0.484375,0.78125,64,0.5434782608695652,46.0,0.4565217391304348
169,0.796875,0.765625,0.796875,0.0,0.03125,0.6875,0.796875,0.328125,0.84375,64,0.35294117647058826,51.0,0.6470588235294117
170,0.84375,0.78125,0.84375,0.0,0.015625,0.765625,0.84375,0.34375,0.734375,64,0.37037037037037035,54.0,0.6296296296296297
171,0.90625,0.890625,0.90625,0.0,0.0625,0.84375,0.90625,0.390625,0.875,64,0.3793103448275862,58.0,0.6206896551724138
172,0.875,0.859375,0.875,0.0,0.046875,0.78125,0.875,0.46875,0.890625,64,0.5,56.0,0.5
173,0.90625,0.875,0.90625,0.0,0.046875,0.875,0.90625,0.453125,0.828125,64,0.4827586206896552,58.0,0.5172413793103448
174,0.890625,0.859375,0.890625,0.0,0.0625,0.84375,0.890625,0.484375,0.84375,64,0.5087719298245614,57.0,0.49122807017543857
175,0.859375,0.765625,0.859375,0.0,0.046875,0.796875,0.859375,0.546875,0.78125,64,0.5272727272727272,55.0,0.4727272727272728
176,0.890625,0.84375,0.890625,0.0,0.0,0.75,0.890625,0.46875,0.828125,64,0.49122807017543857,57.0,0.5087719298245614
177,0.84375,0.796875,0.84375,0.0,0.046875,0.8125,0.84375,0.375,0.765625,64,0.37037037037037035,54.0,0.6296296296296297
178,0.84375,0.765625,0.84375,0.0,0.015625,0.75,0.84375,0.515625,0.75,64,0.46296296296296297,54.0,0.537037037037037
179,0.890625,0.890625,0.890625,0.0,0.015625,0.859375,0.890625,0.484375,0.875,64,0.49122807017543857,57.0,0.5087719298245614
180,0.828125,0.765625,0.828125,0.0,0.03125,0.8125,0.828125,0.34375,0.71875,64,0.3584905660377358,53.0,0.6415094339622642
181,0.890625,0.859375,0.890625,0.0,0.0,0.890625,0.890625,0.578125,0.78125,64,0.5964912280701754,57.0,0.4035087719298246
182,0.890625,0.8125,0.890625,0.0,0.046875,0.84375,0.890625,0.59375,0.84375,64,0.5964912280701754,57.0,0.4035087719298246
183,0.84375,0.84375,0.84375,0.0,0.03125,0.796875,0.84375,0.5625,0.84375,64,0.5925925925925926,54.0,0.40740740740740744
184,0.828125,0.78125,0.828125,0.0,0.046875,0.796875,0.828125,0.4375,0.828125,64,0.4528301886792453,53.0,0.5471698113207547
185,0.859375,0.78125,0.859375,0.0,0.046875,0.828125,0.859375,0.40625,0.796875,64,0.4,55.0,0.6
186,0.90625,0.84375,0.90625,0.0,0.0625,0.90625,0.90625,0.453125,0.796875,64,0.4827586206896552,58.0,0.5172413793103448
187,0.859375,0.8125,0.859375,0.0,0.03125,0.828125,0.859375,0.5625,0.890625,64,0.5636363636363636,55.0,0.4363636363636364
188,0.90625,0.796875,0.90625,0.0,0.03125,0.828125,0.90625,0.40625,0.71875,64,0.4482758620689655,58.0,0.5517241379310345
189,0.796875,0.703125,0.796875,0.0,0.0625,0.75,0.78125,0.4375,0.796875,64,0.45098039215686275,51.0,0.5490196078431373
190,0.890625,0.84375,0.890625,0.0,0.03125,0.859375,0.890625,0.515625,0.875,64,0.5263157894736842,57.0,0.4736842105263158
191,0.875,0.78125,0.875,0.0,0.015625,0.78125,0.875,0.421875,0.796875,64,0.4107142857142857,56.0,0.5892857142857143
192,0.875,0.8125,0.875,0.0,0.015625,0.859375,0.875,0.375,0.8125,64,0.4107142857142857,56.0,0.5892857142857143
193,0.875,0.84375,0.875,0.0,0.0,0.84375,0.875,0.421875,0.875,64,0.44642857142857145,56.0,0.5535714285714286
194,0.75,0.734375,0.75,0.0,0.03125,0.703125,0.75,0.46875,0.9375,64,0.5,48.0,0.5
195,0.890625,0.828125,0.890625,0.0,0.015625,0.828125,0.890625,0.453125,0.84375,64,0.45614035087719296,57.0,0.543859649122807
196,0.859375,0.828125,0.859375,0.0,0.03125,0.796875,0.859375,0.5,0.875,64,0.4909090909090909,55.0,0.509090909090909
197,0.828125,0.796875,0.828125,0.0,0.03125,0.765625,0.828125,0.421875,0.875,64,0.4528301886792453,53.0,0.5471698113207547
198,0.84375,0.78125,0.84375,0.0,0.0,0.765625,0.84375,0.328125,0.859375,64,0.35185185185185186,54.0,0.6481481481481481
199,0.796875,0.75,0.796875,0.0,0.0625,0.75,0.796875,0.4375,0.890625,64,0.49019607843137253,51.0,0.5098039215686274
200,0.8125,0.796875,0.8125,0.0,0.0,0.71875,0.8125,0.375,0.9375,64,0.38461538461538464,52.0,0.6153846153846154
201,0.859375,0.859375,0.859375,0.0,0.0,0.8125,0.859375,0.359375,0.9375,64,0.34545454545454546,55.0,0.6545454545454545
202,0.890625,0.796875,0.890625,0.0,0.0,0.8125,0.890625,0.4375,0.84375,64,0.43859649122807015,57.0,0.5614035087719298
203,0.8125,0.8125,0.8125,0.0,0.0,0.6875,0.8125,0.46875,0.90625,64,0.4807692307692308,52.0,0.5192307692307692
204,0.796875,0.78125,0.796875,0.0,0.03125,0.734375,0.78125,0.390625,0.890625,64,0.39215686274509803,51.0,0.607843137254902
205,0.859375,0.8125,0.859375,0.0,0.015625,0.8125,0.859375,0.34375,0.90625,64,0.32727272727272727,55.0,0.6727272727272727
206,0.875,0.8125,0.875,0.0,0.015625,0.828125,0.875,0.328125,0.875,64,0.3392857142857143,56.0,0.6607142857142857
207,0.859375,0.796875,0.859375,0.0,0.015625,0.828125,0.859375,0.28125,0.90625,64,0.2909090909090909,55.0,0.7090909090909091
208,0.9375,0.9375,0.9375,0.0,0.0,0.828125,0.9375,0.4375,0.96875,64,0.4166666666666667,60.0,0.5833333333333333
209,0.828125,0.828125,0.828125,0.0,0.015625,0.71875,0.828125,0.296875,0.9375,64,0.32075471698113206,53.0,0.679245283018868
210,0.859375,0.796875,0.859375,0.0,0.03125,0.828125,0.859375,0.421875,0.90625,64,0.43636363636363634,55.0,0.5636363636363637
211,0.78125,0.734375,0.78125,0.0,0.03125,0.734375,0.78125,0.515625,0.84375,64,0.52,50.0,0.48
212,0.78125,0.71875,0.78125,0.0,0.015625,0.671875,0.78125,0.3125,0.84375,64,0.32,50.0,0.6799999999999999
213,0.859375,0.796875,0.859375,0.0,0.03125,0.703125,0.859375,0.34375,0.875,64,0.34545454545454546,55.0,0.6545454545454545
214,0.84375,0.8125,0.84375,0.0,0.015625,0.71875,0.84375,0.390625,0.890625,64,0.42592592592592593,54.0,0.5740740740740741
215,0.84375,0.828125,0.84375,0.0,0.015625,0.765625,0.84375,0.421875,0.890625,64,0.4444444444444444,54.0,0.5555555555555556
216,0.796875,0.75,0.796875,0.0,0.015625,0.703125,0.796875,0.421875,0.890625,64,0.43137254901960786,51.0,0.5686274509803921
217,0.90625,0.828125,0.90625,0.0,0.03125,0.8125,0.90625,0.390625,0.828125,64,0.43103448275862066,58.0,0.5689655172413793
218,0.84375,0.8125,0.84375,0.0,0.03125,0.71875,0.84375,0.46875,0.90625,64,0.48148148148148145,54.0,0.5185185185185186
219,0.828125,0.765625,0.828125,0.0,0.046875,0.75,0.828125,0.4375,0.84375,64,0.4716981132075472,53.0,0.5283018867924528
220,0.828125,0.75,0.828125,0.0,0.0,0.734375,0.828125,0.34375,0.828125,64,0.39622641509433965,53.0,0.6037735849056604
221,0.90625,0.828125,0.90625,0.0,0.0,0.859375,0.90625,0.234375,0.921875,64,0.20689655172413793,58.0,0.7931034482758621
222,0.875,0.828125,0.875,0.0,0.015625,0.765625,0.875,0.375,0.90625,64,0.375,56.0,0.625
223,0.90625,0.84375,0.90625,0.0,0.0,0.75,0.90625,0.359375,0.890625,64,0.3620689655172414,58.0,0.6379310344827587
224,0.796875,0.71875,0.796875,0.0,0.046875,0.671875,0.796875,0.4375,0.828125,64,0.45098039215686275,51.0,0.5490196078431373
225,0.890625,0.796875,0.890625,0.0,0.046875,0.8125,0.890625,0.21875,0.84375,64,0.21052631578947367,57.0,0.7894736842105263
226,0.90625,0.828125,0.90625,0.0,0.0,0.84375,0.90625,0.375,0.890625,64,0.39655172413793105,58.0,0.603448275862069
227,0.765625,0.734375,0.765625,0.0,0.0625,0.625,0.765625,0.296875,0.84375,64,0.30612244897959184,49.0,0.6938775510204082
228,0.859375,0.765625,0.859375,0.0,0.046875,0.703125,0.859375,0.296875,0.859375,64,0.3090909090909091,55.0,0.6909090909090909
229,0.921875,0.78125,0.921875,0.0,0.0,0.734375,0.90625,0.21875,0.8125,64,0.23728813559322035,59.0,0.7627118644067796
230,0.9375,0.890625,0.9375,0.0,0.0,0.859375,0.9375,0.3125,0.890625,64,0.3333333333333333,60.0,0.6666666666666667
231,0.78125,0.671875,0.78125,0.0,0.015625,0.640625,0.78125,0.25,0.734375,64,0.28,50.0,0.72
232,0.921875,0.84375,0.921875,0.0,0.0,0.8125,0.921875,0.1875,0.90625,64,0.2033898305084746,59.0,0.7966101694915254
233,0.828125,0.71875,0.828125,0.0,0.0,0.71875,0.828125,0.234375,0.828125,64,0.22641509433962265,53.0,0.7735849056603774
234,0.890625,0.796875,0.890625,0.0,0.0,0.796875,0.890625,0.328125,0.859375,64,0.3508771929824561,57.0,0.6491228070175439
235,0.921875,0.78125,0.921875,0.0,0.03125,0.859375,0.921875,0.25,0.75,64,0.2711864406779661,59.0,0.728813559322034
236,0.90625,0.828125,0.90625,0.0,0.03125,0.78125,0.90625,0.25,0.859375,64,0.27586206896551724,58.0,0.7241379310344828
237,0.890625,0.734375,0.890625,0.0,0.015625,0.765625,0.890625,0.28125,0.75,64,0.2982456140350877,57.0,0.7017543859649122
238,0.890625,0.734375,0.890625,0.0,0.03125,0.8125,0.890625,0.25,0.78125,64,0.2631578947368421,57.0,0.736842105263158
239,0.9375,0.859375,0.9375,0.0,0.046875,0.875,0.9375,0.265625,0.90625,64,0.26666666666666666,60.0,0.7333333333333334
240,0.921875,0.8125,0.921875,0.0,0.0625,0.8125,0.921875,0.203125,0.75,64,0.22033898305084745,59.0,0.7796610169491526
241,0.84375,0.8125,0.84375,0.0,0.015625,0.84375,0.84375,0.25,0.859375,64,0.2037037037037037,54.0,0.7962962962962963
242,0.921875,0.8125,0.921875,0.0,0.015625,0.859375,0.921875,0.328125,0.78125,64,0.3220338983050847,59.0,0.6779661016949152
243,0.875,0.78125,0.875,0.0,0.015625,0.78125,0.875,0.25,0.859375,64,0.26785714285714285,56.0,0.7321428571428572
244,0.90625,0.828125,0.90625,0.0,0.015625,0.859375,0.90625,0.4375,0.84375,64,0.4482758620689655,58.0,0.5517241379310345
245,0.9375,0.890625,0.9375,0.0,0.03125,0.84375,0.9375,0.296875,0.875,64,0.31666666666666665,60.0,0.6833333333333333
246,0.890625,0.84375,0.890625,0.0,0.0,0.875,0.890625,0.390625,0.84375,64,0.40350877192982454,57.0,0.5964912280701755
247,0.9375,0.796875,0.9375,0.0,0.03125,0.90625,0.9375,0.3125,0.828125,64,0.31666666666666665,60.0,0.6833333333333333
248,0.90625,0.78125,0.90625,0.0,0.015625,0.84375,0.90625,0.421875,0.8125,64,0.43103448275862066,58.0,0.5689655172413793
249,0.828125,0.765625,0.828125,0.0,0.03125,0.8125,0.828125,0.328125,0.78125,64,0.3584905660377358,53.0,0.6415094339622642
250,0.9375,0.765625,0.9375,0.0,0.046875,0.859375,0.9375,0.4375,0.78125,64,0.43333333333333335,60.0,0.5666666666666667
251,0.890625,0.78125,0.890625,0.0,0.0,0.84375,0.890625,0.4375,0.828125,64,0.47368421052631576,57.0,0.5263157894736843
252,0.859375,0.75,0.859375,0.0,0.03125,0.84375,0.859375,0.296875,0.796875,64,0.32727272727272727,55.0,0.6727272727272727
253,0.8125,0.6875,0.8125,0.0,0.03125,0.796875,0.8125,0.296875,0.796875,64,0.34615384615384615,52.0,0.6538461538461539
254,0.90625,0.8125,0.90625,0.0,0.015625,0.890625,0.890625,0.328125,0.84375,64,0.3275862068965517,58.0,0.6724137931034483
255,0.875,0.71875,0.875,0.0,0.03125,0.84375,0.875,0.390625,0.765625,64,0.42857142857142855,56.0,0.5714285714285714
256,0.90625,0.71875,0.90625,0.0,0.09375,0.84375,0.90625,0.359375,0.71875,64,0.3620689655172414,58.0,0.6379310344827587
257,0.875,0.8125,0.875,0.0,0.0,0.8125,0.875,0.21875,0.90625,64,0.23214285714285715,56.0,0.7678571428571428
258,0.9375,0.78125,0.9375,0.0,0.015625,0.921875,0.9375,0.203125,0.78125,64,0.2,60.0,0.8
259,0.9375,0.8125,0.9375,0.0,0.046875,0.921875,0.921875,0.203125,0.84375,64,0.21666666666666667,60.0,0.7833333333333333
260,0.9375,0.90625,0.9375,0.0,0.078125,0.875,0.9375,0.34375,0.953125,64,0.35,60.0,0.65
261,0.90625,0.828125,0.90625,0.0,0.03125,0.859375,0.90625,0.265625,0.890625,64,0.27586206896551724,58.0,0.7241379310344828
262,0.90625,0.78125,0.90625,0.0,0.03125,0.875,0.90625,0.21875,0.8125,64,0.22413793103448276,58.0,0.7758620689655172
263,0.9375,0.859375,0.9375,0.0,0.0,0.890625,0.9375,0.265625,0.859375,64,0.2833333333333333,60.0,0.7166666666666667
264,0.953125,0.8125,0.953125,0.0,0.046875,0.90625,0.953125,0.203125,0.796875,64,0.19672131147540983,61.0,0.8032786885245902
265,0.90625,0.859375,0.90625,0.0,0.015625,0.859375,0.90625,0.203125,0.875,64,0.20689655172413793,58.0,0.7931034482758621
266,0.9375,0.8125,0.9375,0.0,0.0,0.90625,0.9375,0.09375,0.828125,64,0.1,60.0,0.9
267,0.859375,0.71875,0.859375,0.0,0.03125,0.828125,0.859375,0.109375,0.734375,64,0.09090909090909091,55.0,0.9090909090909091
268,0.921875,0.796875,0.921875,0.0,0.03125,0.890625,0.921875,0.140625,0.828125,64,0.15254237288135594,59.0,0.847457627118644
269,0.890625,0.78125,0.890625,0.0,0.046875,0.859375,0.890625,0.109375,0.796875,64,0.10526315789473684,57.0,0.8947368421052632
270,0.90625,0.828125,0.90625,0.0,0.046875,0.875,0.90625,0.140625,0.875,64,0.15517241379310345,58.0,0.8448275862068966
271,0.9375,0.875,0.9375,0.0,0.046875,0.90625,0.9375,0.171875,0.890625,64,0.16666666666666666,60.0,0.8333333333333334
272,0.9375,0.8125,0.9375,0.0,0.0,0.921875,0.9375,0.203125,0.828125,64,0.2,60.0,0.8
273,0.921875,0.890625,0.921875,0.0,0.015625,0.90625,0.921875,0.09375,0.953125,64,0.1016949152542373,59.0,0.8983050847457628
274,0.921875,0.84375,0.921875,0.0,0.03125,0.890625,0.921875,0.125,0.875,64,0.13559322033898305,59.0,0.864406779661017
275,0.890625,0.75,0.890625,0.0,0.046875,0.859375,0.890625,0.109375,0.8125,64,0.10526315789473684,57.0,0.8947368421052632
276,0.953125,0.8125,0.953125,0.0,0.046875,0.9375,0.953125,0.09375,0.765625,64,0.09836065573770492,61.0,0.9016393442622951
277,0.875,0.8125,0.875,0.0,0.0,0.828125,0.875,0.171875,0.859375,64,0.19642857142857142,56.0,0.8035714285714286
278,0.875,0.8125,0.875,0.0,0.015625,0.875,0.875,0.125,0.859375,64,0.14285714285714285,56.0,0.8571428571428572
279,0.921875,0.84375,0.921875,0.0,0.03125,0.875,0.921875,0.15625,0.890625,64,0.15254237288135594,59.0,0.847457627118644
280,0.921875,0.84375,0.921875,0.0,0.015625,0.859375,0.921875,0.1875,0.875,64,0.1864406779661017,59.0,0.8135593220338984
281,0.859375,0.703125,0.859375,0.0,0.03125,0.796875,0.859375,0.125,0.796875,64,0.10909090909090909,55.0,0.8909090909090909
282,0.890625,0.78125,0.890625,0.0,0.0,0.84375,0.890625,0.109375,0.859375,64,0.10526315789473684,57.0,0.8947368421052632
283,0.890625,0.796875,0.890625,0.0,0.0,0.859375,0.890625,0.1875,0.796875,64,0.19298245614035087,57.0,0.8070175438596492
284,0.859375,0.796875,0.859375,0.0,0.015625,0.859375,0.859375,0.203125,0.859375,64,0.21818181818181817,55.0,0.7818181818181819
285,0.96875,0.859375,0.96875,0.0,0.046875,0.96875,0.96875,0.125,0.84375,64,0.12903225806451613,62.0,0.8709677419354839
286,0.9375,0.875,0.9375,0.0,0.03125,0.90625,0.9375,0.109375,0.921875,64,0.11666666666666667,60.0,0.8833333333333333
287,0.90625,0.796875,0.90625,0.0,0.046875,0.859375,0.90625,0.109375,0.828125,64,0.10344827586206896,58.0,0.896551724137931
288,0.9375,0.859375,0.9375,0.0,0.03125,0.890625,0.9375,0.203125,0.84375,64,0.2,60.0,0.8
289,0.96875,0.90625,0.96875,0.0,0.015625,0.921875,0.96875,0.171875,0.890625,64,0.1774193548387097,62.0,0.8225806451612903
290,0.921875,0.875,0.921875,0.0,0.0,0.90625,0.921875,0.15625,0.921875,64,0.13559322033898305,59.0,0.864406779661017
291,0.875,0.78125,0.875,0.0,0.0,0.84375,0.875,0.203125,0.890625,64,0.17857142857142858,56.0,0.8214285714285714
292,0.90625,0.8125,0.90625,0.0,0.015625,0.859375,0.90625,0.078125,0.828125,64,0.08620689655172414,58.0,0.9137931034482758
293,0.90625,0.75,0.90625,0.0,0.015625,0.859375,0.90625,0.125,0.8125,64,0.13793103448275862,58.0,0.8620689655172413
294,0.828125,0.765625,0.828125,0.0,0.0,0.796875,0.828125,0.125,0.796875,64,0.1320754716981132,53.0,0.8679245283018868
295,0.96875,0.90625,0.96875,0.0,0.0,0.9375,0.96875,0.140625,0.9375,64,0.12903225806451613,62.0,0.8709677419354839
296,0.875,0.78125,0.875,0.0,0.03125,0.875,0.875,0.140625,0.796875,64,0.14285714285714285,56.0,0.8571428571428572
297,0.9375,0.875,0.9375,0.0,0.0,0.9375,0.9375,0.15625,0.890625,64,0.15,60.0,0.85
298,0.90625,0.84375,0.90625,0.0,0.03125,0.890625,0.90625,0.171875,0.890625,64,0.15517241379310345,58.0,0.8448275862068966
299,0.953125,0.890625,0.953125,0.0,0.03125,0.890625,0.953125,0.21875,0.921875,64,0.22950819672131148,61.0,0.7704918032786885
300,0.90625,0.859375,0.90625,0.0,0.0,0.828125,0.90625,0.0625,0.9375,64,0.06896551724137931,58.0,0.9310344827586207
301,0.953125,0.796875,0.953125,0.0,0.078125,0.9375,0.953125,0.21875,0.84375,64,0.21311475409836064,61.0,0.7868852459016393
302,0.890625,0.796875,0.890625,0.0,0.03125,0.875,0.890625,0.140625,0.859375,64,0.14035087719298245,57.0,0.8596491228070176
303,0.875,0.78125,0.875,0.0,0.015625,0.875,0.875,0.234375,0.78125,64,0.25,56.0,0.75
304,0.921875,0.796875,0.921875,0.0,0.0,0.90625,0.921875,0.078125,0.828125,64,0.0847457627118644,59.0,0.9152542372881356
305,0.9375,0.90625,0.9375,0.0,0.03125,0.90625,0.9375,0.125,0.890625,64,0.13333333333333333,60.0,0.8666666666666667
306,0.90625,0.78125,0.90625,0.0,0.0625,0.875,0.90625,0.21875,0.78125,64,0.2413793103448276,58.0,0.7586206896551724
307,0.921875,0.84375,0.921875,0.0,0.0,0.90625,0.921875,0.1875,0.859375,64,0.1864406779661017,59.0,0.8135593220338984
308,0.859375,0.828125,0.859375,0.0,0.015625,0.84375,0.859375,0.125,0.859375,64,0.14545454545454545,55.0,0.8545454545454545
309,0.890625,0.78125,0.890625,0.0,0.03125,0.84375,0.890625,0.109375,0.796875,64,0.12280701754385964,57.0,0.8771929824561404
310,0.84375,0.796875,0.84375,0.0,0.03125,0.8125,0.84375,0.09375,0.859375,64,0.1111111111111111,54.0,0.8888888888888888
311,0.921875,0.84375,0.921875,0.0,0.015625,0.875,0.921875,0.078125,0.890625,64,0.0847457627118644,59.0,0.9152542372881356
312,0.9375,0.890625,0.9375,0.0,0.0,0.90625,0.9375,0.203125,0.90625,64,0.21666666666666667,60.0,0.7833333333333333
313,0.90625,0.828125,0.90625,0.0,0.0,0.84375,0.90625,0.234375,0.859375,64,0.2413793103448276,58.0,0.7586206896551724
314,0.84375,0.828125,0.84375,0.0,0.0,0.8125,0.84375,0.234375,0.828125,64,0.25925925925925924,54.0,0.7407407407407407
315,0.875,0.796875,0.875,0.0,0.03125,0.875,0.875,0.109375,0.84375,64,0.08928571428571429,56.0,0.9107142857142857
316,0.859375,0.75,0.859375,0.0,0.03125,0.84375,0.859375,0.1875,0.828125,64,0.21818181818181817,55.0,0.7818181818181819
317,0.921875,0.84375,0.921875,0.0,0.03125,0.875,0.921875,0.15625,0.875,64,0.15254237288135594,59.0,0.847457627118644
318,0.921875,0.828125,0.921875,0.0,0.015625,0.890625,0.921875,0.078125,0.875,64,0.0847457627118644,59.0,0.9152542372881356
319,0.953125,0.890625,0.953125,0.0,0.0,0.921875,0.953125,0.21875,0.875,64,0.22950819672131148,61.0,0.7704918032786885
320,0.9375,0.828125,0.9375,0.0,0.015625,0.875,0.9375,0.203125,0.84375,64,0.2,60.0,0.8
321,0.890625,0.8125,0.890625,0.0,0.015625,0.828125,0.890625,0.203125,0.875,64,0.22807017543859648,57.0,0.7719298245614035
322,0.9375,0.84375,0.9375,0.0,0.015625,0.921875,0.921875,0.09375,0.84375,64,0.1,60.0,0.9
323,0.875,0.828125,0.875,0.0,0.015625,0.875,0.875,0.125,0.859375,64,0.14285714285714285,56.0,0.8571428571428572
324,0.890625,0.84375,0.890625,0.0,0.0,0.859375,0.890625,0.203125,0.90625,64,0.19298245614035087,57.0,0.8070175438596492
325,0.859375,0.765625,0.859375,0.0,0.015625,0.84375,0.859375,0.21875,0.828125,64,0.21818181818181817,55.0,0.7818181818181819
326,0.875,0.78125,0.875,0.0,0.015625,0.859375,0.875,0.21875,0.84375,64,0.19642857142857142,56.0,0.8035714285714286
327,0.9375,0.859375,0.9375,0.0,0.03125,0.9375,0.9375,0.28125,0.890625,64,0.2833333333333333,60.0,0.7166666666666667
328,0.9375,0.921875,0.9375,0.0,0.015625,0.9375,0.9375,0.203125,0.921875,64,0.21666666666666667,60.0,0.7833333333333333
329,0.9375,0.84375,0.9375,0.0,0.03125,0.875,0.9375,0.296875,0.859375,64,0.3,60.0,0.7
330,0.9375,0.84375,0.9375,0.0,0.015625,0.9375,0.9375,0.15625,0.890625,64,0.15,60.0,0.85
331,0.890625,0.796875,0.890625,0.0,0.0625,0.875,0.890625,0.125,0.84375,64,0.14035087719298245,57.0,0.8596491228070176
332,0.828125,0.71875,0.828125,0.0,0.015625,0.796875,0.828125,0.15625,0.796875,64,0.18867924528301888,53.0,0.8113207547169812
333,0.96875,0.890625,0.96875,0.0,0.0,0.96875,0.96875,0.203125,0.875,64,0.20967741935483872,62.0,0.7903225806451613
334,0.921875,0.859375,0.921875,0.0,0.03125,0.90625,0.921875,0.46875,0.921875,64,0.4915254237288136,59.0,0.5084745762711864
335,0.890625,0.796875,0.890625,0.0,0.015625,0.875,0.890625,0.125,0.8125,64,0.10526315789473684,57.0,0.8947368421052632
336,0.84375,0.8125,0.84375,0.0,0.015625,0.828125,0.84375,0.34375,0.921875,64,0.35185185185185186,54.0,0.6481481481481481
337,0.84375,0.71875,0.84375,0.0,0.046875,0.828125,0.84375,0.296875,0.84375,64,0.2777777777777778,54.0,0.7222222222222222
338,0.90625,0.796875,0.90625,0.0,0.015625,0.890625,0.90625,0.203125,0.859375,64,0.20689655172413793,58.0,0.7931034482758621
339,0.890625,0.78125,0.890625,0.0,0.078125,0.859375,0.890625,0.125,0.84375,64,0.12280701754385964,57.0,0.8771929824561404
340,0.90625,0.8125,0.90625,0.0,0.015625,0.84375,0.90625,0.296875,0.796875,64,0.3275862068965517,58.0,0.6724137931034483
341,0.875,0.859375,0.875,0.0,0.0625,0.796875,0.875,0.359375,0.953125,64,0.32142857142857145,56.0,0.6785714285714286
342,0.875,0.84375,0.875,0.0,0.0,0.859375,0.875,0.234375,0.84375,64,0.25,56.0,0.75
343,0.90625,0.828125,0.90625,0.0,0.015625,0.875,0.90625,0.234375,0.84375,64,0.25862068965517243,58.0,0.7413793103448276
344,0.921875,0.796875,0.921875,0.0,0.0625,0.859375,0.921875,0.203125,0.8125,64,0.22033898305084745,59.0,0.7796610169491526
345,0.890625,0.859375,0.890625,0.0,0.015625,0.875,0.890625,0.125,0.9375,64,0.10526315789473684,57.0,0.8947368421052632
346,0.9375,0.890625,0.9375,0.0,0.015625,0.90625,0.9375,0.078125,0.890625,64,0.08333333333333333,60.0,0.9166666666666666
347,0.875,0.796875,0.875,0.0,0.03125,0.875,0.875,0.171875,0.875,64,0.16071428571428573,56.0,0.8392857142857143
348,0.921875,0.859375,0.921875,0.0,0.0625,0.890625,0.921875,0.171875,0.84375,64,0.1864406779661017,59.0,0.8135593220338984
349,0.875,0.78125,0.875,0.0,0.015625,0.875,0.875,0.1875,0.84375,64,0.19642857142857142,56.0,0.8035714285714286
350,0.9375,0.828125,0.9375,0.0,0.046875,0.921875,0.9375,0.390625,0.84375,64,0.38333333333333336,60.0,0.6166666666666667
351,0.9375,0.859375,0.9375,0.0,0.015625,0.921875,0.9375,0.25,0.890625,64,0.25,60.0,0.75
352,0.859375,0.8125,0.859375,0.0,0.015625,0.859375,0.859375,0.234375,0.90625,64,0.23636363636363636,55.0,0.7636363636363637
353,0.921875,0.828125,0.921875,0.0,0.046875,0.890625,0.921875,0.1875,0.84375,64,0.2033898305084746,59.0,0.7966101694915254
354,0.890625,0.765625,0.890625,0.0,0.0625,0.859375,0.890625,0.140625,0.859375,64,0.14035087719298245,57.0,0.8596491228070176
355,0.890625,0.8125,0.890625,0.0,0.0625,0.84375,0.890625,0.203125,0.859375,64,0.19298245614035087,57.0,0.8070175438596492
356,0.90625,0.875,0.90625,0.0,0.0625,0.90625,0.90625,0.234375,0.921875,64,0.25862068965517243,58.0,0.7413793103448276
357,0.953125,0.796875,0.953125,0.0,0.03125,0.9375,0.953125,0.203125,0.796875,64,0.21311475409836064,61.0,0.7868852459016393
358,0.859375,0.765625,0.859375,0.0,0.03125,0.84375,0.859375,0.0625,0.859375,64,0.07272727272727272,55.0,0.9272727272727272
359,0.9375,0.875,0.9375,0.0,0.015625,0.90625,0.9375,0.078125,0.875,64,0.08333333333333333,60.0,0.9166666666666666
360,0.828125,0.765625,0.828125,0.0,0.0,0.8125,0.828125,0.171875,0.875,64,0.16981132075471697,53.0,0.8301886792452831
361,0.890625,0.78125,0.890625,0.0,0.03125,0.890625,0.890625,0.203125,0.78125,64,0.22807017543859648,57.0,0.7719298245614035
362,0.890625,0.8125,0.890625,0.0,0.078125,0.875,0.890625,0.140625,0.859375,64,0.15789473684210525,57.0,0.8421052631578947
363,0.875,0.796875,0.875,0.0,0.015625,0.859375,0.859375,0.234375,0.84375,64,0.25,56.0,0.75
364,0.859375,0.75,0.859375,0.0,0.015625,0.84375,0.84375,0.25,0.8125,64,0.23636363636363636,55.0,0.7636363636363637
365,0.828125,0.765625,0.828125,0.0,0.0,0.828125,0.828125,0.15625,0.828125,64,0.16981132075471697,53.0,0.8301886792452831
366,0.90625,0.8125,0.90625,0.0,0.015625,0.890625,0.90625,0.1875,0.8125,64,0.1896551724137931,58.0,0.8103448275862069
367,0.890625,0.78125,0.890625,0.0,0.09375,0.890625,0.890625,0.21875,0.796875,64,0.22807017543859648,57.0,0.7719298245614035
368,0.90625,0.859375,0.90625,0.0,0.0,0.90625,0.90625,0.140625,0.9375,64,0.1206896551724138,58.0,0.8793103448275862
369,0.9375,0.8125,0.9375,0.0,0.03125,0.921875,0.9375,0.125,0.78125,64,0.1,60.0,0.9
370,0.859375,0.8125,0.859375,0.0,0.0,0.84375,0.859375,0.09375,0.859375,64,0.09090909090909091,55.0,0.9090909090909091
371,0.859375,0.78125,0.859375,0.0,0.046875,0.828125,0.859375,0.21875,0.8125,64,0.23636363636363636,55.0,0.7636363636363637
372,0.890625,0.8125,0.890625,0.0,0.015625,0.875,0.890625,0.21875,0.875,64,0.22807017543859648,57.0,0.7719298245614035
373,0.921875,0.84375,0.921875,0.0,0.03125,0.921875,0.921875,0.15625,0.828125,64,0.1694915254237288,59.0,0.8305084745762712
374,0.921875,0.90625,0.921875,0.0,0.0,0.921875,0.921875,0.1875,0.921875,64,0.1694915254237288,59.0,0.8305084745762712
375,0.8125,0.765625,0.8125,0.0,0.015625,0.78125,0.8125,0.109375,0.875,64,0.11538461538461539,52.0,0.8846153846153846
376,0.9375,0.890625,0.9375,0.0,0.046875,0.9375,0.9375,0.140625,0.921875,64,0.11666666666666667,60.0,0.8833333333333333
377,0.875,0.78125,0.875,0.0,0.078125,0.84375,0.859375,0.28125,0.875,64,0.26785714285714285,56.0,0.7321428571428572
378,0.875,0.78125,0.875,0.0,0.0625,0.875,0.875,0.171875,0.84375,64,0.19642857142857142,56.0,0.8035714285714286
379,0.90625,0.828125,0.90625,0.0,0.046875,0.890625,0.90625,0.15625,0.890625,64,0.15517241379310345,58.0,0.8448275862068966
380,0.90625,0.828125,0.90625,0.0,0.0,0.890625,0.90625,0.15625,0.890625,64,0.13793103448275862,58.0,0.8620689655172413
381,0.953125,0.890625,0.953125,0.0,0.0,0.9375,0.953125,0.171875,0.921875,64,0.18032786885245902,61.0,0.819672131147541
382,0.9375,0.90625,0.9375,0.0,0.03125,0.90625,0.9375,0.28125,0.921875,64,0.2833333333333333,60.0,0.7166666666666667
383,0.875,0.796875,0.875,0.0,0.046875,0.828125,0.875,0.125,0.84375,64,0.125,56.0,0.875
384,0.90625,0.875,0.90625,0.0,0.03125,0.890625,0.90625,0.234375,0.875,64,0.25862068965517243,58.0,0.7413793103448276
385,0.78125,0.65625,0.78125,0.0,0.078125,0.765625,0.78125,0.125,0.734375,64,0.16,50.0,0.84
386,0.828125,0.734375,0.828125,0.0,0.046875,0.828125,0.828125,0.15625,0.828125,64,0.18867924528301888,53.0,0.8113207547169812
387,0.9375,0.859375,0.9375,0.0,0.0625,0.921875,0.9375,0.234375,0.828125,64,0.23333333333333334,60.0,0.7666666666666666
388,0.921875,0.90625,0.921875,0.0,0.0,0.859375,0.921875,0.21875,0.921875,64,0.22033898305084745,59.0,0.7796610169491526
389,0.96875,0.90625,0.96875,0.0,0.0,0.96875,0.96875,0.125,0.921875,64,0.11290322580645161,62.0,0.8870967741935484
390,0.84375,0.765625,0.84375,0.0,0.0,0.828125,0.84375,0.1875,0.796875,64,0.2222222222222222,54.0,0.7777777777777778
391,0.859375,0.71875,0.859375,0.0,0.0,0.84375,0.859375,0.1875,0.765625,64,0.2,55.0,0.8
392,0.9375,0.890625,0.9375,0.0,0.046875,0.9375,0.9375,0.1875,0.921875,64,0.2,60.0,0.8
393,0.8125,0.765625,0.8125,0.0,0.046875,0.8125,0.8125,0.21875,0.875,64,0.23076923076923078,52.0,0.7692307692307692
394,0.90625,0.8125,0.90625,0.0,0.109375,0.859375,0.90625,0.296875,0.875,64,0.29310344827586204,58.0,0.7068965517241379
395,0.90625,0.84375,0.90625,0.0,0.0,0.90625,0.90625,0.28125,0.90625,64,0.25862068965517243,58.0,0.7413793103448276
396,0.921875,0.84375,0.921875,0.0,0.015625,0.890625,0.921875,0.1875,0.859375,64,0.2033898305084746,59.0,0.7966101694915254
397,0.90625,0.875,0.90625,0.0,0.046875,0.875,0.90625,0.25,0.890625,64,0.25862068965517243,58.0,0.7413793103448276
398,0.890625,0.796875,0.890625,0.0,0.015625,0.875,0.890625,0.203125,0.859375,64,0.22807017543859648,57.0,0.7719298245614035
399,0.875,0.78125,0.875,0.0,0.03125,0.84375,0.875,0.1875,0.875,64,0.19642857142857142,56.0,0.8035714285714286
400,0.921875,0.890625,0.921875,0.0,0.015625,0.921875,0.921875,0.265625,0.9375,64,0.2542372881355932,59.0,0.7457627118644068
401,0.921875,0.84375,0.921875,0.0,0.0,0.90625,0.921875,0.203125,0.859375,64,0.22033898305084745,59.0,0.7796610169491526
402,0.8571428571428571,0.8,0.8571428571428571,0.0,0.02857142857142857,0.8571428571428571,0.8571428571428571,0.17142857142857143,0.875,64,0.13333333333333333,30.0,0.8666666666666667
